{
  "id" : "proj_pXOZByq7mD1",
  "name" : "FirstSnips",
  "intents" : [ {
    "id" : "ManuJazz:Affirmation",
    "type" : "registry",
    "version" : "0.11.0",
    "language" : "es",
    "slots" : [ {
      "name" : "affirmation",
      "id" : "dBLrbH31-",
      "entityId" : "entity_WQgWwkOxnkd",
      "missingQuestion" : "",
      "required" : false
    } ],
    "name" : "Affirmation",
    "enabledByDefault" : true
  }, {
    "id" : "ManuJazz:TakenPills_query",
    "type" : "registry",
    "version" : "0.3.0",
    "language" : "es",
    "slots" : [ {
      "name" : "Pastilla",
      "id" : "K3vnCpgTD",
      "entityId" : "entity_O3r024yvleO",
      "missingQuestion" : "",
      "required" : false
    } ],
    "name" : "TakenPills_query",
    "enabledByDefault" : true
  }, {
    "id" : "ManuJazz:SimpleHi_begin",
    "type" : "registry",
    "version" : "0.8.0",
    "language" : "es",
    "slots" : [ ],
    "name" : "SimpleHi_begin",
    "enabledByDefault" : true
  }, {
    "id" : "ManuJazz:SimpleHi_answer",
    "type" : "registry",
    "version" : "0.4.0",
    "language" : "es",
    "slots" : [ {
      "name" : "Mood",
      "id" : "aEsbjE0wY",
      "entityId" : "entity_A0r9B15Z1Wz",
      "missingQuestion" : "",
      "required" : false
    } ],
    "name" : "SimpleHi_answer",
    "enabledByDefault" : true
  }, {
    "id" : "ManuJazz:Negation",
    "type" : "registry",
    "version" : "0.7.0",
    "language" : "es",
    "slots" : [ {
      "name" : "negation",
      "id" : "dW_OBTu9a",
      "entityId" : "entity_1lGbdo4KMOd",
      "missingQuestion" : "",
      "required" : false
    } ],
    "name" : "Negation",
    "enabledByDefault" : true
  }, {
    "id" : "ManuJazz:Internet_connection",
    "type" : "registry",
    "version" : "0.2.0",
    "language" : "es",
    "slots" : [ ],
    "name" : "Internet_connection",
    "enabledByDefault" : true
  }, {
    "id" : "unknown:askTime",
    "type" : "registry",
    "version" : "1.0.0",
    "language" : "es",
    "slots" : [ ],
    "name" : "askTime",
    "enabledByDefault" : true
  } ],
  "createdAt" : "2019-06-04T10:31:38.725Z",
  "language" : "es",
  "version" : {
    "nluModel" : "0.20.1"
  },
  "platform" : {
    "type" : "raspberrypi"
  },
  "asr" : {
    "type" : "snips"
  },
  "analyticsEnabled" : true,
  "heartbeatEnabled" : true,
  "hotword" : "hey_snips"
}