{
    "medicine": {
        "vanilla": "b3752c32-5dbc-489b-8169-7734cfcaaa8c.vanilla", 
        "ngram": true, 
        "added": "b3752c32-5dbc-489b-8169-7734cfcaaa8c.added", 
        "pruningThresholds": [], 
        "order": 3
    }, 
    "affirmation": {
        "vanilla": "20115a76-caef-4ee5-9890-03ba36491695.vanilla", 
        "ngram": true, 
        "added": "20115a76-caef-4ee5-9890-03ba36491695.added", 
        "pruningThresholds": [], 
        "order": 3
    }, 
    "negation": {
        "vanilla": "221b8548-3cb7-4be7-b5a9-bda41f394218.vanilla", 
        "ngram": true, 
        "added": "221b8548-3cb7-4be7-b5a9-bda41f394218.added", 
        "pruningThresholds": [], 
        "order": 3
    }, 
    "Mood": {
        "vanilla": "1ddcdca2-f1b0-42a5-92ba-fd1d794c8f71.vanilla", 
        "ngram": true, 
        "added": "1ddcdca2-f1b0-42a5-92ba-fd1d794c8f71.added", 
        "pruningThresholds": [], 
        "order": 3
    }
}