{
  "config": {
    "ignore_stop_words": true,
    "unit_name": "lookup_intent_parser"
  },
  "entity_scopes": [
    {
      "entity_scope": {
        "builtin": [],
        "custom": [
          "affirmation"
        ]
      },
      "intent_group": [
        "ManuJazz:Affirmation"
      ]
    },
    {
      "entity_scope": {
        "builtin": [],
        "custom": []
      },
      "intent_group": [
        "ManuJazz:Internet_connection",
        "ManuJazz:SimpleHi_begin",
        "unknown:askTime"
      ]
    },
    {
      "entity_scope": {
        "builtin": [],
        "custom": [
          "negation"
        ]
      },
      "intent_group": [
        "ManuJazz:Negation"
      ]
    },
    {
      "entity_scope": {
        "builtin": [],
        "custom": [
          "Mood"
        ]
      },
      "intent_group": [
        "ManuJazz:SimpleHi_answer"
      ]
    },
    {
      "entity_scope": {
        "builtin": [],
        "custom": [
          "medicine"
        ]
      },
      "intent_group": [
        "ManuJazz:TakenPills_query"
      ]
    }
  ],
  "intents_names": [
    "ManuJazz:Affirmation",
    "ManuJazz:Internet_connection",
    "ManuJazz:Negation",
    "ManuJazz:SimpleHi_answer",
    "ManuJazz:SimpleHi_begin",
    "ManuJazz:TakenPills_query",
    "unknown:askTime"
  ],
  "language_code": "es",
  "map": {
    "-2130955801": [
      6,
      []
    ],
    "-2110851169": [
      4,
      []
    ],
    "-2078137563": [
      4,
      []
    ],
    "-2016869174": [
      6,
      []
    ],
    "-2002052237": [
      6,
      []
    ],
    "-1995171322": [
      6,
      []
    ],
    "-1906650620": [
      3,
      [
        2
      ]
    ],
    "-1881717775": [
      6,
      []
    ],
    "-1878713177": [
      5,
      [
        3
      ]
    ],
    "-1836173855": [
      6,
      []
    ],
    "-1819715158": [
      6,
      []
    ],
    "-1788247849": [
      6,
      []
    ],
    "-1780132964": [
      0,
      [
        0
      ]
    ],
    "-1776563521": [
      5,
      [
        3
      ]
    ],
    "-1725755806": [
      5,
      [
        3
      ]
    ],
    "-1589380107": [
      4,
      []
    ],
    "-1528420005": [
      6,
      []
    ],
    "-1511693078": [
      4,
      []
    ],
    "-1475048595": [
      6,
      []
    ],
    "-1394383078": [
      3,
      [
        2
      ]
    ],
    "-1348216886": [
      4,
      []
    ],
    "-1293289965": [
      0,
      [
        0
      ]
    ],
    "-1259342203": [
      6,
      []
    ],
    "-1254532773": [
      4,
      []
    ],
    "-1252238965": [
      4,
      []
    ],
    "-1227973459": [
      5,
      [
        3
      ]
    ],
    "-1208718684": [
      2,
      [
        1,
        1
      ]
    ],
    "-1173298534": [
      2,
      [
        1
      ]
    ],
    "-1136766416": [
      0,
      [
        0,
        0
      ]
    ],
    "-1118690553": [
      6,
      []
    ],
    "-986832621": [
      0,
      [
        0
      ]
    ],
    "-982942439": [
      6,
      []
    ],
    "-980826436": [
      6,
      []
    ],
    "-911857403": [
      0,
      [
        0
      ]
    ],
    "-878061900": [
      0,
      [
        0
      ]
    ],
    "-842139920": [
      3,
      [
        2
      ]
    ],
    "-780459048": [
      2,
      [
        1
      ]
    ],
    "-774128000": [
      0,
      [
        0
      ]
    ],
    "-716146278": [
      6,
      []
    ],
    "-608197500": [
      4,
      []
    ],
    "-409293596": [
      5,
      [
        3
      ]
    ],
    "-404316277": [
      1,
      []
    ],
    "-385735312": [
      0,
      [
        0
      ]
    ],
    "-368927225": [
      2,
      [
        1
      ]
    ],
    "-304651034": [
      6,
      []
    ],
    "-277760028": [
      6,
      []
    ],
    "-268387709": [
      2,
      [
        1
      ]
    ],
    "-219699616": [
      6,
      []
    ],
    "-186368897": [
      4,
      []
    ],
    "-158279473": [
      4,
      []
    ],
    "-141260807": [
      6,
      []
    ],
    "-123337909": [
      2,
      [
        1
      ]
    ],
    "-79275685": [
      5,
      [
        3
      ]
    ],
    "39355637": [
      6,
      []
    ],
    "103991489": [
      5,
      [
        3
      ]
    ],
    "124658717": [
      2,
      [
        1
      ]
    ],
    "176525830": [
      2,
      [
        1,
        1,
        1
      ]
    ],
    "184501303": [
      3,
      [
        2
      ]
    ],
    "263648601": [
      4,
      []
    ],
    "372128994": [
      4,
      []
    ],
    "444387816": [
      6,
      []
    ],
    "464437944": [
      2,
      [
        1
      ]
    ],
    "519431378": [
      5,
      [
        3
      ]
    ],
    "556019671": [
      0,
      [
        0
      ]
    ],
    "630576584": [
      5,
      [
        3
      ]
    ],
    "670558432": [
      5,
      [
        3
      ]
    ],
    "693111258": [
      3,
      [
        2,
        2
      ]
    ],
    "727361095": [
      0,
      [
        0
      ]
    ],
    "798069164": [
      0,
      [
        0
      ]
    ],
    "816766815": [
      6,
      []
    ],
    "826957290": [
      5,
      [
        3
      ]
    ],
    "871440312": [
      6,
      []
    ],
    "932000288": [
      6,
      []
    ],
    "971341672": [
      0,
      [
        0
      ]
    ],
    "1021884792": [
      6,
      []
    ],
    "1086108333": [
      2,
      [
        1
      ]
    ],
    "1117582107": [
      4,
      []
    ],
    "1155068967": [
      2,
      [
        1
      ]
    ],
    "1203682149": [
      6,
      []
    ],
    "1228687270": [
      6,
      []
    ],
    "1250769813": [
      6,
      []
    ],
    "1391508633": [
      2,
      [
        1
      ]
    ],
    "1397194678": [
      1,
      []
    ],
    "1464048500": [
      4,
      []
    ],
    "1526440921": [
      4,
      []
    ],
    "1636903996": [
      6,
      []
    ],
    "1658891192": [
      3,
      [
        2
      ]
    ],
    "1660238052": [
      5,
      [
        3
      ]
    ],
    "1697027095": [
      6,
      []
    ],
    "1754779992": [
      6,
      []
    ],
    "1810169224": [
      2,
      [
        1
      ]
    ],
    "1856857298": [
      0,
      []
    ],
    "1865841013": [
      3,
      [
        2
      ]
    ],
    "1867596820": [
      4,
      []
    ],
    "2028949537": [
      4,
      []
    ],
    "2042077570": [
      6,
      []
    ],
    "2069496229": [
      6,
      []
    ],
    "2071885396": [
      2,
      [
        1
      ]
    ],
    "2082764124": [
      5,
      [
        3
      ]
    ],
    "2125164669": [
      6,
      []
    ]
  },
  "slots_names": [
    "affirmation",
    "negation",
    "Mood",
    "Pastilla"
  ],
  "stop_words_whitelist": {
    "ManuJazz:Affirmation": [
      "ya"
    ]
  }
}